insert into user (user_id,user_date,user_email,user_pass,user_name,user_surname) values (1,'16-10-15','darko.tacic@gmail.com','sifra','Darko','Tacic');
insert into user (user_id,user_date,user_email,user_pass,user_name,user_surname) values (2,'16-10-15','marko.kljajic@gmail.com','sifra','Marko','Kljajic');
insert into user (user_id,user_date,user_email,user_pass,user_name,user_surname) values (3,'16-10-15','milica.govedarica@gmail.com','sifra','Milca','Govedarica');
insert into user (user_id,user_date,user_email,user_pass,user_name,user_surname) values (4,'16-10-15','sasa.momcilovic@gmail.com','sifra','Sasa','Momcilovic');
insert into user (user_id,user_date,user_email,user_pass,user_name,user_surname) values (5,'16-10-15','mirko.odalovic@gmail.com','sifra','Mirko','Odalovic');
insert into user (user_id,user_date,user_email,user_pass,user_name,user_surname) values (6,'16-10-15','bakir.niksic@gmail.com','sifra','Baki','Niksic');
insert into user (user_id,user_date,user_email,user_pass,user_name,user_surname) values (7,'16-10-15','aleksandar.petrovic@gmail.com','sifra','Aca','Petrovic');
insert into user (user_id,user_date,user_email,user_pass,user_name,user_surname) values (8,'16-10-15','nikola.sajic@gmail.com','sifra','Nikola','Sajic');
insert into user (user_id,user_date,user_email,user_pass,user_name,user_surname) values (9,'16-10-15','tamara.mrskic@gmail.com','sifra','Tamara','Mrksic');
insert into user (user_id,user_date,user_email,user_pass,user_name,user_surname) values (10,'16-10-15','stefan.varajic@gmail.com','sifra','Stevan','Varaja');

insert into worker(user_id,wrk_shirt,wrk_shoe) values(3,'S',4);
insert into worker(user_id,wrk_shirt,wrk_shoe) values(4,'L',5);
insert into worker(user_id,wrk_shirt,wrk_shoe) values(5,'XL',6);
insert into worker(user_id,wrk_shirt,wrk_shoe) values(6,'XXL',7);
insert into worker(user_id,wrk_shirt,wrk_shoe) values(8,'3XL',8);

insert into guest (user_id) values (1);
insert into guest (user_id) values (2);
insert into waiter (user_id) values (3);
insert into waiter (user_id) values (4);
insert into cook (user_id,cook_type) values (5,'SALAT');
insert into cook (user_id,cook_type) values (6,'FRIED');
insert into system_manager (user_id) values (7);
insert into bartender (user_id) values (8);
insert into restaurant_manager (user_id) values (9);
insert into restaurant_manager (user_id) values (10);